SQL> 
SQL> CL SCR

SQL> REM CHARACTER FUNCTIONS : CASE MANIPULATION FUNCTIONS : UPPER LOWER INITCAP
SQL> 
SQL> REM CHARACTER FUNCTIONS : CHARACTER MANIPULATION FUNCTIONS : CONCAT LPAD RPAD LTRIM RTRIM TRIM LENGTH TRANSLATE REPLACE SUBSTR INSTR
SQL> 
SQL> REM TRANSLATE : REPLACES/REMOVES CHARACTER BY CHARACTER
SQL> 
SQL> SELECT HIRE_DATE , TRANSLATE(HIRE_DATE,'JAN','ja') FROM EMPLOYEES;

HIRE_DATE TRANSLATE(HIRE_DATE,'JAN','JA')                                                                                                                                                               
--------- ------------------------------------------------------------------------                                                                                                                      
17-JUL-87 17-jUL-87                                                                                                                                                                                     
21-SEP-89 21-SEP-89                                                                                                                                                                                     
13-JAN-93 13-ja-93                                                                                                                                                                                      
03-JAN-90 03-ja-90                                                                                                                                                                                      
21-MAY-91 21-MaY-91                                                                                                                                                                                     
07-FEB-99 07-FEB-99                                                                                                                                                                                     
16-NOV-99 16-OV-99                                                                                                                                                                                      
17-OCT-95 17-OCT-95                                                                                                                                                                                     
29-JAN-97 29-ja-97                                                                                                                                                                                      
15-MAR-98 15-MaR-98                                                                                                                                                                                     
09-JUL-98 09-jUL-98                                                                                                                                                                                     
29-JAN-00 29-ja-00                                                                                                                                                                                      
11-MAY-96 11-MaY-96                                                                                                                                                                                     
24-MAR-98 24-MaR-98                                                                                                                                                                                     
24-MAY-99 24-MaY-99                                                                                                                                                                                     
17-SEP-87 17-SEP-87                                                                                                                                                                                     
17-FEB-96 17-FEB-96                                                                                                                                                                                     
17-AUG-97 17-aUG-97                                                                                                                                                                                     
07-JUN-94 07-jU-94                                                                                                                                                                                      
07-JUN-94 07-jU-94                                                                                                                                                                                      

20 rows selected.

SQL> SELECT HIRE_DATE , TRANSLATE(HIRE_DATE,'JAN','jan') FROM EMPLOYEES;

HIRE_DATE TRANSLATE(HIRE_DATE,'JAN','JAN')                                                                                                                                                              
--------- ------------------------------------------------------------------------                                                                                                                      
17-JUL-87 17-jUL-87                                                                                                                                                                                     
21-SEP-89 21-SEP-89                                                                                                                                                                                     
13-JAN-93 13-jan-93                                                                                                                                                                                     
03-JAN-90 03-jan-90                                                                                                                                                                                     
21-MAY-91 21-MaY-91                                                                                                                                                                                     
07-FEB-99 07-FEB-99                                                                                                                                                                                     
16-NOV-99 16-nOV-99                                                                                                                                                                                     
17-OCT-95 17-OCT-95                                                                                                                                                                                     
29-JAN-97 29-jan-97                                                                                                                                                                                     
15-MAR-98 15-MaR-98                                                                                                                                                                                     
09-JUL-98 09-jUL-98                                                                                                                                                                                     
29-JAN-00 29-jan-00                                                                                                                                                                                     
11-MAY-96 11-MaY-96                                                                                                                                                                                     
24-MAR-98 24-MaR-98                                                                                                                                                                                     
24-MAY-99 24-MaY-99                                                                                                                                                                                     
17-SEP-87 17-SEP-87                                                                                                                                                                                     
17-FEB-96 17-FEB-96                                                                                                                                                                                     
17-AUG-97 17-aUG-97                                                                                                                                                                                     
07-JUN-94 07-jUn-94                                                                                                                                                                                     
07-JUN-94 07-jUn-94                                                                                                                                                                                     

20 rows selected.

SQL> SELECT HIRE_DATE , TRANSLATE(HIRE_DATE,'JAN','january') FROM EMPLOYEES;

HIRE_DATE TRANSLATE(HIRE_DATE,'JAN','JANUARY')                                                                                                                                                          
--------- ------------------------------------------------------------------------                                                                                                                      
17-JUL-87 17-jUL-87                                                                                                                                                                                     
21-SEP-89 21-SEP-89                                                                                                                                                                                     
13-JAN-93 13-jan-93                                                                                                                                                                                     
03-JAN-90 03-jan-90                                                                                                                                                                                     
21-MAY-91 21-MaY-91                                                                                                                                                                                     
07-FEB-99 07-FEB-99                                                                                                                                                                                     
16-NOV-99 16-nOV-99                                                                                                                                                                                     
17-OCT-95 17-OCT-95                                                                                                                                                                                     
29-JAN-97 29-jan-97                                                                                                                                                                                     
15-MAR-98 15-MaR-98                                                                                                                                                                                     
09-JUL-98 09-jUL-98                                                                                                                                                                                     
29-JAN-00 29-jan-00                                                                                                                                                                                     
11-MAY-96 11-MaY-96                                                                                                                                                                                     
24-MAR-98 24-MaR-98                                                                                                                                                                                     
24-MAY-99 24-MaY-99                                                                                                                                                                                     
17-SEP-87 17-SEP-87                                                                                                                                                                                     
17-FEB-96 17-FEB-96                                                                                                                                                                                     
17-AUG-97 17-aUG-97                                                                                                                                                                                     
07-JUN-94 07-jUn-94                                                                                                                                                                                     
07-JUN-94 07-jUn-94                                                                                                                                                                                     

20 rows selected.

SQL> SELECT HIRE_DATE , TRANSLATE(HIRE_DATE,'JAN') FROM EMPLOYEES;
SELECT HIRE_DATE , TRANSLATE(HIRE_DATE,'JAN') FROM EMPLOYEES
                   *
ERROR at line 1:
ORA-00909: invalid number of arguments 


SQL> SELECT HIRE_DATE , TRANSLATE(HIRE_DATE,'JAN',null) FROM EMPLOYEES;

HIRE_DATE TRANSLATE(HIRE_DATE,'JAN',NULL)                                                                                                                                                               
--------- ------------------------------------------------------------------------                                                                                                                      
17-JUL-87                                                                                                                                                                                               
21-SEP-89                                                                                                                                                                                               
13-JAN-93                                                                                                                                                                                               
03-JAN-90                                                                                                                                                                                               
21-MAY-91                                                                                                                                                                                               
07-FEB-99                                                                                                                                                                                               
16-NOV-99                                                                                                                                                                                               
17-OCT-95                                                                                                                                                                                               
29-JAN-97                                                                                                                                                                                               
15-MAR-98                                                                                                                                                                                               
09-JUL-98                                                                                                                                                                                               
29-JAN-00                                                                                                                                                                                               
11-MAY-96                                                                                                                                                                                               
24-MAR-98                                                                                                                                                                                               
24-MAY-99                                                                                                                                                                                               
17-SEP-87                                                                                                                                                                                               
17-FEB-96                                                                                                                                                                                               
17-AUG-97                                                                                                                                                                                               
07-JUN-94                                                                                                                                                                                               
07-JUN-94                                                                                                                                                                                               

20 rows selected.

SQL> SELECT HIRE_DATE , TRANSLATE(HIRE_DATE,'JAN','') FROM EMPLOYEES;

HIRE_DATE TRANSLATE(HIRE_DATE,'JAN','')                                                                                                                                                                 
--------- ------------------------------------------------------------------------                                                                                                                      
17-JUL-87                                                                                                                                                                                               
21-SEP-89                                                                                                                                                                                               
13-JAN-93                                                                                                                                                                                               
03-JAN-90                                                                                                                                                                                               
21-MAY-91                                                                                                                                                                                               
07-FEB-99                                                                                                                                                                                               
16-NOV-99                                                                                                                                                                                               
17-OCT-95                                                                                                                                                                                               
29-JAN-97                                                                                                                                                                                               
15-MAR-98                                                                                                                                                                                               
09-JUL-98                                                                                                                                                                                               
29-JAN-00                                                                                                                                                                                               
11-MAY-96                                                                                                                                                                                               
24-MAR-98                                                                                                                                                                                               
24-MAY-99                                                                                                                                                                                               
17-SEP-87                                                                                                                                                                                               
17-FEB-96                                                                                                                                                                                               
17-AUG-97                                                                                                                                                                                               
07-JUN-94                                                                                                                                                                                               
07-JUN-94                                                                                                                                                                                               

20 rows selected.

SQL> SELECT HIRE_DATE , TRANSLATE(HIRE_DATE,'JAN',' ') FROM EMPLOYEES;

HIRE_DATE TRANSLATE(HIRE_DATE,'JAN','')                                                                                                                                                                 
--------- ------------------------------------------------------------------------                                                                                                                      
17-JUL-87 17- UL-87                                                                                                                                                                                     
21-SEP-89 21-SEP-89                                                                                                                                                                                     
13-JAN-93 13- -93                                                                                                                                                                                       
03-JAN-90 03- -90                                                                                                                                                                                       
21-MAY-91 21-MY-91                                                                                                                                                                                      
07-FEB-99 07-FEB-99                                                                                                                                                                                     
16-NOV-99 16-OV-99                                                                                                                                                                                      
17-OCT-95 17-OCT-95                                                                                                                                                                                     
29-JAN-97 29- -97                                                                                                                                                                                       
15-MAR-98 15-MR-98                                                                                                                                                                                      
09-JUL-98 09- UL-98                                                                                                                                                                                     
29-JAN-00 29- -00                                                                                                                                                                                       
11-MAY-96 11-MY-96                                                                                                                                                                                      
24-MAR-98 24-MR-98                                                                                                                                                                                      
24-MAY-99 24-MY-99                                                                                                                                                                                      
17-SEP-87 17-SEP-87                                                                                                                                                                                     
17-FEB-96 17-FEB-96                                                                                                                                                                                     
17-AUG-97 17-UG-97                                                                                                                                                                                      
07-JUN-94 07- U-94                                                                                                                                                                                      
07-JUN-94 07- U-94                                                                                                                                                                                      

20 rows selected.

SQL> SELECT HIRE_DATE , TRANSLATE(HIRE_DATE,'#JAN','#') FROM EMPLOYEES;

HIRE_DATE TRANSLATE(HIRE_DATE,'#JAN','#')                                                                                                                                                               
--------- ------------------------------------------------------------------------                                                                                                                      
17-JUL-87 17-UL-87                                                                                                                                                                                      
21-SEP-89 21-SEP-89                                                                                                                                                                                     
13-JAN-93 13--93                                                                                                                                                                                        
03-JAN-90 03--90                                                                                                                                                                                        
21-MAY-91 21-MY-91                                                                                                                                                                                      
07-FEB-99 07-FEB-99                                                                                                                                                                                     
16-NOV-99 16-OV-99                                                                                                                                                                                      
17-OCT-95 17-OCT-95                                                                                                                                                                                     
29-JAN-97 29--97                                                                                                                                                                                        
15-MAR-98 15-MR-98                                                                                                                                                                                      
09-JUL-98 09-UL-98                                                                                                                                                                                      
29-JAN-00 29--00                                                                                                                                                                                        
11-MAY-96 11-MY-96                                                                                                                                                                                      
24-MAR-98 24-MR-98                                                                                                                                                                                      
24-MAY-99 24-MY-99                                                                                                                                                                                      
17-SEP-87 17-SEP-87                                                                                                                                                                                     
17-FEB-96 17-FEB-96                                                                                                                                                                                     
17-AUG-97 17-UG-97                                                                                                                                                                                      
07-JUN-94 07-U-94                                                                                                                                                                                       
07-JUN-94 07-U-94                                                                                                                                                                                       

20 rows selected.

SQL> SELECT HIRE_DATE , TRANSLATE(HIRE_DATE,'#ABCDEFG','#') FROM EMPLOYEES;

HIRE_DATE TRANSLATE(HIRE_DATE,'#ABCDEFG','#')                                                                                                                                                           
--------- ------------------------------------------------------------------------                                                                                                                      
17-JUL-87 17-JUL-87                                                                                                                                                                                     
21-SEP-89 21-SP-89                                                                                                                                                                                      
13-JAN-93 13-JN-93                                                                                                                                                                                      
03-JAN-90 03-JN-90                                                                                                                                                                                      
21-MAY-91 21-MY-91                                                                                                                                                                                      
07-FEB-99 07--99                                                                                                                                                                                        
16-NOV-99 16-NOV-99                                                                                                                                                                                     
17-OCT-95 17-OT-95                                                                                                                                                                                      
29-JAN-97 29-JN-97                                                                                                                                                                                      
15-MAR-98 15-MR-98                                                                                                                                                                                      
09-JUL-98 09-JUL-98                                                                                                                                                                                     
29-JAN-00 29-JN-00                                                                                                                                                                                      
11-MAY-96 11-MY-96                                                                                                                                                                                      
24-MAR-98 24-MR-98                                                                                                                                                                                      
24-MAY-99 24-MY-99                                                                                                                                                                                      
17-SEP-87 17-SP-87                                                                                                                                                                                      
17-FEB-96 17--96                                                                                                                                                                                        
17-AUG-97 17-U-97                                                                                                                                                                                       
07-JUN-94 07-JUN-94                                                                                                                                                                                     
07-JUN-94 07-JUN-94                                                                                                                                                                                     

20 rows selected.

SQL> REM 1787
SQL> REM 2189
SQL> 
SQL> SELECT FIRST_NAME , HIRE_DATE , TRANSLATE(HIRE_DATE,'*-ABCDEFGHIJKLMNOPQRSTUVWXYZ','*') FROM EMPLOYEES;

FIRST_NAME HIRE_DATE TRANSLATE(HIRE_DATE,'*-ABCDEFGHIJKLMNOPQRSTUVWXYZ','*')                                                                                                                            
---------- --------- ------------------------------------------------------------------------                                                                                                           
Steven     17-JUL-87 1787                                                                                                                                                                               
Neena      21-SEP-89 2189                                                                                                                                                                               
Lex        13-JAN-93 1393                                                                                                                                                                               
Alexander  03-JAN-90 0390                                                                                                                                                                               
Bruce      21-MAY-91 2191                                                                                                                                                                               
Diana      07-FEB-99 0799                                                                                                                                                                               
Kevin      16-NOV-99 1699                                                                                                                                                                               
Trenna     17-OCT-95 1795                                                                                                                                                                               
Curtis     29-JAN-97 2997                                                                                                                                                                               
Randall    15-MAR-98 1598                                                                                                                                                                               
Peter      09-JUL-98 0998                                                                                                                                                                               
Eleni      29-JAN-00 2900                                                                                                                                                                               
Ellen      11-MAY-96 1196                                                                                                                                                                               
Jonathon   24-MAR-98 2498                                                                                                                                                                               
Kimerely   24-MAY-99 2499                                                                                                                                                                               
Jennifer   17-SEP-87 1787                                                                                                                                                                               
Michael    17-FEB-96 1796                                                                                                                                                                               
Pat        17-AUG-97 1797                                                                                                                                                                               
Shelley    07-JUN-94 0794                                                                                                                                                                               
William    07-JUN-94 0794                                                                                                                                                                               

20 rows selected.

SQL> SELECT FIRST_NAME , HIRE_DATE , TRANSLATE(HIRE_DATE,'*-1234567890','*') FROM EMPLOYEES;

FIRST_NAME HIRE_DATE TRANSLATE(HIRE_DATE,'*-1234567890','*')                                                                                                                                            
---------- --------- ------------------------------------------------------------------------                                                                                                           
Steven     17-JUL-87 JUL                                                                                                                                                                                
Neena      21-SEP-89 SEP                                                                                                                                                                                
Lex        13-JAN-93 JAN                                                                                                                                                                                
Alexander  03-JAN-90 JAN                                                                                                                                                                                
Bruce      21-MAY-91 MAY                                                                                                                                                                                
Diana      07-FEB-99 FEB                                                                                                                                                                                
Kevin      16-NOV-99 NOV                                                                                                                                                                                
Trenna     17-OCT-95 OCT                                                                                                                                                                                
Curtis     29-JAN-97 JAN                                                                                                                                                                                
Randall    15-MAR-98 MAR                                                                                                                                                                                
Peter      09-JUL-98 JUL                                                                                                                                                                                
Eleni      29-JAN-00 JAN                                                                                                                                                                                
Ellen      11-MAY-96 MAY                                                                                                                                                                                
Jonathon   24-MAR-98 MAR                                                                                                                                                                                
Kimerely   24-MAY-99 MAY                                                                                                                                                                                
Jennifer   17-SEP-87 SEP                                                                                                                                                                                
Michael    17-FEB-96 FEB                                                                                                                                                                                
Pat        17-AUG-97 AUG                                                                                                                                                                                
Shelley    07-JUN-94 JUN                                                                                                                                                                                
William    07-JUN-94 JUN                                                                                                                                                                                

20 rows selected.

SQL> REM REPLACE : REPLACES/REMOVES WORD BY WORD
SQL> 
SQL> SELECT HIRE_DATE , REPLACE(HIRE_DATE,'JAN','JANUARY') FROM EMPLOYEES;

HIRE_DATE REPLACE(HIRE_DATE,'JAN','JANUARY')                                                                                                                                                            
--------- ------------------------------------------------------------------------------------------------------------------------------                                                                
17-JUL-87 17-JUL-87                                                                                                                                                                                     
21-SEP-89 21-SEP-89                                                                                                                                                                                     
13-JAN-93 13-JANUARY-93                                                                                                                                                                                 
03-JAN-90 03-JANUARY-90                                                                                                                                                                                 
21-MAY-91 21-MAY-91                                                                                                                                                                                     
07-FEB-99 07-FEB-99                                                                                                                                                                                     
16-NOV-99 16-NOV-99                                                                                                                                                                                     
17-OCT-95 17-OCT-95                                                                                                                                                                                     
29-JAN-97 29-JANUARY-97                                                                                                                                                                                 
15-MAR-98 15-MAR-98                                                                                                                                                                                     
09-JUL-98 09-JUL-98                                                                                                                                                                                     
29-JAN-00 29-JANUARY-00                                                                                                                                                                                 
11-MAY-96 11-MAY-96                                                                                                                                                                                     
24-MAR-98 24-MAR-98                                                                                                                                                                                     
24-MAY-99 24-MAY-99                                                                                                                                                                                     
17-SEP-87 17-SEP-87                                                                                                                                                                                     
17-FEB-96 17-FEB-96                                                                                                                                                                                     
17-AUG-97 17-AUG-97                                                                                                                                                                                     
07-JUN-94 07-JUN-94                                                                                                                                                                                     
07-JUN-94 07-JUN-94                                                                                                                                                                                     

20 rows selected.

SQL> SELECT HIRE_DATE , REPLACE(HIRE_DATE,'JAN','01') FROM EMPLOYEES;

HIRE_DATE REPLACE(HIRE_DATE,'JAN','01')                                                                                                                                                                 
--------- ------------------------------------                                                                                                                                                          
17-JUL-87 17-JUL-87                                                                                                                                                                                     
21-SEP-89 21-SEP-89                                                                                                                                                                                     
13-JAN-93 13-01-93                                                                                                                                                                                      
03-JAN-90 03-01-90                                                                                                                                                                                      
21-MAY-91 21-MAY-91                                                                                                                                                                                     
07-FEB-99 07-FEB-99                                                                                                                                                                                     
16-NOV-99 16-NOV-99                                                                                                                                                                                     
17-OCT-95 17-OCT-95                                                                                                                                                                                     
29-JAN-97 29-01-97                                                                                                                                                                                      
15-MAR-98 15-MAR-98                                                                                                                                                                                     
09-JUL-98 09-JUL-98                                                                                                                                                                                     
29-JAN-00 29-01-00                                                                                                                                                                                      
11-MAY-96 11-MAY-96                                                                                                                                                                                     
24-MAR-98 24-MAR-98                                                                                                                                                                                     
24-MAY-99 24-MAY-99                                                                                                                                                                                     
17-SEP-87 17-SEP-87                                                                                                                                                                                     
17-FEB-96 17-FEB-96                                                                                                                                                                                     
17-AUG-97 17-AUG-97                                                                                                                                                                                     
07-JUN-94 07-JUN-94                                                                                                                                                                                     
07-JUN-94 07-JUN-94                                                                                                                                                                                     

20 rows selected.

SQL> SELECT HIRE_DATE , REPLACE(REPLACE(HIRE_DATE,'JAN','JANUARY'),'FEB','FEBUARY') FROM EMPLOYEES;

HIRE_DATE                                                                                                                                                                                               
---------                                                                                                                                                                                               
REPLACE(REPLACE(HIRE_DATE,'JAN','JANUARY'),'FEB','FEBUARY')                                                                                                                                             
--------------------------------------------------------------------------------------------------------------------------------------------------------------------------------------------------------
17-JUL-87                                                                                                                                                                                               
17-JUL-87                                                                                                                                                                                               
                                                                                                                                                                                                        
21-SEP-89                                                                                                                                                                                               
21-SEP-89                                                                                                                                                                                               
                                                                                                                                                                                                        
13-JAN-93                                                                                                                                                                                               
13-JANUARY-93                                                                                                                                                                                           
                                                                                                                                                                                                        
03-JAN-90                                                                                                                                                                                               
03-JANUARY-90                                                                                                                                                                                           
                                                                                                                                                                                                        
21-MAY-91                                                                                                                                                                                               
21-MAY-91                                                                                                                                                                                               
                                                                                                                                                                                                        
07-FEB-99                                                                                                                                                                                               
07-FEBUARY-99                                                                                                                                                                                           
                                                                                                                                                                                                        
16-NOV-99                                                                                                                                                                                               

HIRE_DATE                                                                                                                                                                                               
---------                                                                                                                                                                                               
REPLACE(REPLACE(HIRE_DATE,'JAN','JANUARY'),'FEB','FEBUARY')                                                                                                                                             
--------------------------------------------------------------------------------------------------------------------------------------------------------------------------------------------------------
16-NOV-99                                                                                                                                                                                               
                                                                                                                                                                                                        
17-OCT-95                                                                                                                                                                                               
17-OCT-95                                                                                                                                                                                               
                                                                                                                                                                                                        
29-JAN-97                                                                                                                                                                                               
29-JANUARY-97                                                                                                                                                                                           
                                                                                                                                                                                                        
15-MAR-98                                                                                                                                                                                               
15-MAR-98                                                                                                                                                                                               
                                                                                                                                                                                                        
09-JUL-98                                                                                                                                                                                               
09-JUL-98                                                                                                                                                                                               
                                                                                                                                                                                                        
29-JAN-00                                                                                                                                                                                               
29-JANUARY-00                                                                                                                                                                                           
                                                                                                                                                                                                        
11-MAY-96                                                                                                                                                                                               
11-MAY-96                                                                                                                                                                                               

HIRE_DATE                                                                                                                                                                                               
---------                                                                                                                                                                                               
REPLACE(REPLACE(HIRE_DATE,'JAN','JANUARY'),'FEB','FEBUARY')                                                                                                                                             
--------------------------------------------------------------------------------------------------------------------------------------------------------------------------------------------------------
                                                                                                                                                                                                        
24-MAR-98                                                                                                                                                                                               
24-MAR-98                                                                                                                                                                                               
                                                                                                                                                                                                        
24-MAY-99                                                                                                                                                                                               
24-MAY-99                                                                                                                                                                                               
                                                                                                                                                                                                        
17-SEP-87                                                                                                                                                                                               
17-SEP-87                                                                                                                                                                                               
                                                                                                                                                                                                        
17-FEB-96                                                                                                                                                                                               
17-FEBUARY-96                                                                                                                                                                                           
                                                                                                                                                                                                        
17-AUG-97                                                                                                                                                                                               
17-AUG-97                                                                                                                                                                                               
                                                                                                                                                                                                        
07-JUN-94                                                                                                                                                                                               
07-JUN-94                                                                                                                                                                                               
                                                                                                                                                                                                        

HIRE_DATE                                                                                                                                                                                               
---------                                                                                                                                                                                               
REPLACE(REPLACE(HIRE_DATE,'JAN','JANUARY'),'FEB','FEBUARY')                                                                                                                                             
--------------------------------------------------------------------------------------------------------------------------------------------------------------------------------------------------------
07-JUN-94                                                                                                                                                                                               
07-JUN-94                                                                                                                                                                                               
                                                                                                                                                                                                        

20 rows selected.

SQL> SELECT HIRE_DATE , REPLACE(REPLACE(HIRE_DATE,'JAN','JANUARY'),'FEB','FEBUARY') NEWHD FROM EMPLOYEES;

HIRE_DATE                                                                                                                                                                                               
---------                                                                                                                                                                                               
NEWHD                                                                                                                                                                                                   
--------------------------------------------------------------------------------------------------------------------------------------------------------------------------------------------------------
17-JUL-87                                                                                                                                                                                               
17-JUL-87                                                                                                                                                                                               
                                                                                                                                                                                                        
21-SEP-89                                                                                                                                                                                               
21-SEP-89                                                                                                                                                                                               
                                                                                                                                                                                                        
13-JAN-93                                                                                                                                                                                               
13-JANUARY-93                                                                                                                                                                                           
                                                                                                                                                                                                        
03-JAN-90                                                                                                                                                                                               
03-JANUARY-90                                                                                                                                                                                           
                                                                                                                                                                                                        
21-MAY-91                                                                                                                                                                                               
21-MAY-91                                                                                                                                                                                               
                                                                                                                                                                                                        
07-FEB-99                                                                                                                                                                                               
07-FEBUARY-99                                                                                                                                                                                           
                                                                                                                                                                                                        
16-NOV-99                                                                                                                                                                                               

HIRE_DATE                                                                                                                                                                                               
---------                                                                                                                                                                                               
NEWHD                                                                                                                                                                                                   
--------------------------------------------------------------------------------------------------------------------------------------------------------------------------------------------------------
16-NOV-99                                                                                                                                                                                               
                                                                                                                                                                                                        
17-OCT-95                                                                                                                                                                                               
17-OCT-95                                                                                                                                                                                               
                                                                                                                                                                                                        
29-JAN-97                                                                                                                                                                                               
29-JANUARY-97                                                                                                                                                                                           
                                                                                                                                                                                                        
15-MAR-98                                                                                                                                                                                               
15-MAR-98                                                                                                                                                                                               
                                                                                                                                                                                                        
09-JUL-98                                                                                                                                                                                               
09-JUL-98                                                                                                                                                                                               
                                                                                                                                                                                                        
29-JAN-00                                                                                                                                                                                               
29-JANUARY-00                                                                                                                                                                                           
                                                                                                                                                                                                        
11-MAY-96                                                                                                                                                                                               
11-MAY-96                                                                                                                                                                                               

HIRE_DATE                                                                                                                                                                                               
---------                                                                                                                                                                                               
NEWHD                                                                                                                                                                                                   
--------------------------------------------------------------------------------------------------------------------------------------------------------------------------------------------------------
                                                                                                                                                                                                        
24-MAR-98                                                                                                                                                                                               
24-MAR-98                                                                                                                                                                                               
                                                                                                                                                                                                        
24-MAY-99                                                                                                                                                                                               
24-MAY-99                                                                                                                                                                                               
                                                                                                                                                                                                        
17-SEP-87                                                                                                                                                                                               
17-SEP-87                                                                                                                                                                                               
                                                                                                                                                                                                        
17-FEB-96                                                                                                                                                                                               
17-FEBUARY-96                                                                                                                                                                                           
                                                                                                                                                                                                        
17-AUG-97                                                                                                                                                                                               
17-AUG-97                                                                                                                                                                                               
                                                                                                                                                                                                        
07-JUN-94                                                                                                                                                                                               
07-JUN-94                                                                                                                                                                                               
                                                                                                                                                                                                        

HIRE_DATE                                                                                                                                                                                               
---------                                                                                                                                                                                               
NEWHD                                                                                                                                                                                                   
--------------------------------------------------------------------------------------------------------------------------------------------------------------------------------------------------------
07-JUN-94                                                                                                                                                                                               
07-JUN-94                                                                                                                                                                                               
                                                                                                                                                                                                        

20 rows selected.

SQL> COL NEWHD FORMAT A30
SQL> 
SQL> R
  1* SELECT HIRE_DATE , REPLACE(REPLACE(HIRE_DATE,'JAN','JANUARY'),'FEB','FEBUARY') NEWHD FROM EMPLOYEES

HIRE_DATE NEWHD                                                                                                                                                                                         
--------- ------------------------------                                                                                                                                                                
17-JUL-87 17-JUL-87                                                                                                                                                                                     
21-SEP-89 21-SEP-89                                                                                                                                                                                     
13-JAN-93 13-JANUARY-93                                                                                                                                                                                 
03-JAN-90 03-JANUARY-90                                                                                                                                                                                 
21-MAY-91 21-MAY-91                                                                                                                                                                                     
07-FEB-99 07-FEBUARY-99                                                                                                                                                                                 
16-NOV-99 16-NOV-99                                                                                                                                                                                     
17-OCT-95 17-OCT-95                                                                                                                                                                                     
29-JAN-97 29-JANUARY-97                                                                                                                                                                                 
15-MAR-98 15-MAR-98                                                                                                                                                                                     
09-JUL-98 09-JUL-98                                                                                                                                                                                     
29-JAN-00 29-JANUARY-00                                                                                                                                                                                 
11-MAY-96 11-MAY-96                                                                                                                                                                                     
24-MAR-98 24-MAR-98                                                                                                                                                                                     
24-MAY-99 24-MAY-99                                                                                                                                                                                     
17-SEP-87 17-SEP-87                                                                                                                                                                                     
17-FEB-96 17-FEBUARY-96                                                                                                                                                                                 
17-AUG-97 17-AUG-97                                                                                                                                                                                     
07-JUN-94 07-JUN-94                                                                                                                                                                                     
07-JUN-94 07-JUN-94                                                                                                                                                                                     

20 rows selected.

SQL> SELECT TRANSLATE('ORACLE','O','MI') FROM DUAL;

TRANSL                                                                                                                                                                                                  
------                                                                                                                                                                                                  
MRACLE                                                                                                                                                                                                  

SQL> SELECT REPLACE('ORACLE','O','MI') FROM DUAL;

REPLACE                                                                                                                                                                                                 
-------                                                                                                                                                                                                 
MIRACLE                                                                                                                                                                                                 

SQL> REM SUBSTR : SUB : PART : PART OF STRING
SQL> 
SQL> REM SUBSTR : SUB : PART : PART OF STRING : TO SEPARATE SOME PART OF STRING FROM LEFT , RIGHT OR MIDDLE
SQL> 
SQL> SELECT SUBSTR('LaxmanShivRamKrishnan',7,4) FROM DUAL;

SUBS                                                                                                                                                                                                    
----                                                                                                                                                                                                    
Shiv                                                                                                                                                                                                    

SQL> SELECT SUBSTR('LaxmanShivRamKrishnan',1,6) FROM DUAL;

SUBSTR                                                                                                                                                                                                  
------                                                                                                                                                                                                  
Laxman                                                                                                                                                                                                  

SQL> SELECT SUBSTR('LaxmanShivRamKrishnan',11) FROM DUAL;

SUBSTR('LAX                                                                                                                                                                                             
-----------                                                                                                                                                                                             
RamKrishnan                                                                                                                                                                                             

SQL> SELECT SUBSTR('LaxmanShivRamKrishnan',11,10) FROM DUAL;

SUBSTR('LA                                                                                                                                                                                              
----------                                                                                                                                                                                              
RamKrishna                                                                                                                                                                                              

SQL> SELECT SUBSTR('LaxmanShivRamKrishnan',-8) FROM DUAL;

SUBSTR('                                                                                                                                                                                                
--------                                                                                                                                                                                                
Krishnan                                                                                                                                                                                                

SQL> SELECT SUBSTR('LaxmanShivRamKrishnan',-8,7) FROM DUAL;

SUBSTR(                                                                                                                                                                                                 
-------                                                                                                                                                                                                 
Krishna                                                                                                                                                                                                 

SQL> SELECT SUBSTR('LaxmanShivRamKrishnan',-8,5) FROM DUAL;

SUBST                                                                                                                                                                                                   
-----                                                                                                                                                                                                   
Krish                                                                                                                                                                                                   

SQL> REM ShivRam : 1 POSITIVE 2 NEGATIVE
SQL> 
SQL> REM LaxmanShivRamKrishnan
SQL> 
SQL> SELECT SUBSTR('LaxmanShivRamKrishnan',7,7) FROM DUAL;

SUBSTR(                                                                                                                                                                                                 
-------                                                                                                                                                                                                 
ShivRam                                                                                                                                                                                                 

SQL> SELECT SUBSTR('LaxmanShivRamKrishnan',-15,7) FROM DUAL;

SUBSTR(                                                                                                                                                                                                 
-------                                                                                                                                                                                                 
ShivRam                                                                                                                                                                                                 

SQL> SELECT FIRST_NAME FROM EMPLOYEES;

FIRST_NAME                                                                                                                                                                                              
----------                                                                                                                                                                                              
Steven                                                                                                                                                                                                  
Neena                                                                                                                                                                                                   
Lex                                                                                                                                                                                                     
Alexander                                                                                                                                                                                               
Bruce                                                                                                                                                                                                   
Diana                                                                                                                                                                                                   
Kevin                                                                                                                                                                                                   
Trenna                                                                                                                                                                                                  
Curtis                                                                                                                                                                                                  
Randall                                                                                                                                                                                                 
Peter                                                                                                                                                                                                   
Eleni                                                                                                                                                                                                   
Ellen                                                                                                                                                                                                   
Jonathon                                                                                                                                                                                                
Kimerely                                                                                                                                                                                                
Jennifer                                                                                                                                                                                                
Michael                                                                                                                                                                                                 
Pat                                                                                                                                                                                                     
Shelley                                                                                                                                                                                                 
William                                                                                                                                                                                                 

20 rows selected.

SQL> REM 6 OR MORE
SQL> 
SQL> REM stEvEN
SQL> REM alExandER
SQL> 
SQL> REM FIRST TWO LOWER , MIDDLE : PROPER CASE , LAST TWO : UPPER
SQL> 
SQL> SELECT LOWER(SUBSTR(FIRST_NAME,0,2)) || UPPER(SUBSTR(FIRST_NAME,2,1)) || LOWER(SUBSTR(FIRST_NAME,2,4)) || UPPER(SUBSTR(FIRST_NAME,5,2))  FROM EMPLOYEES;

LOWER(SUBSTR(FIRST_NAME,0,2))||UPPER                                                                                                                                                                    
------------------------------------                                                                                                                                                                    
stTteveEN                                                                                                                                                                                               
neEeenaA                                                                                                                                                                                                
leEex                                                                                                                                                                                                   
alLlexaAN                                                                                                                                                                                               
brRruceE                                                                                                                                                                                                
diIianaA                                                                                                                                                                                                
keEevinN                                                                                                                                                                                                
trRrennNA                                                                                                                                                                                               
cuUurtiIS                                                                                                                                                                                               
raAandaAL                                                                                                                                                                                               
peEeterR                                                                                                                                                                                                
elLleniI                                                                                                                                                                                                
elLllenN                                                                                                                                                                                                
joOonatTH                                                                                                                                                                                               
kiIimerRE                                                                                                                                                                                               
jeEenniIF                                                                                                                                                                                               
miIichaAE                                                                                                                                                                                               
paAat                                                                                                                                                                                                   
shHhellLE                                                                                                                                                                                               
wiIilliIA                                                                                                                                                                                               

20 rows selected.

SQL> SELECT FIRST_NAME , LOWER(SUBSTR(FIRST_NAME,0,2)) || UPPER(SUBSTR(FIRST_NAME,2,1)) || LOWER(SUBSTR(FIRST_NAME,2,4)) || UPPER(SUBSTR(FIRST_NAME,5,2))  FROM EMPLOYEES;

FIRST_NAME LOWER(SUBSTR(FIRST_NAME,0,2))||UPPER                                                                                                                                                         
---------- ------------------------------------                                                                                                                                                         
Steven     stTteveEN                                                                                                                                                                                    
Neena      neEeenaA                                                                                                                                                                                     
Lex        leEex                                                                                                                                                                                        
Alexander  alLlexaAN                                                                                                                                                                                    
Bruce      brRruceE                                                                                                                                                                                     
Diana      diIianaA                                                                                                                                                                                     
Kevin      keEevinN                                                                                                                                                                                     
Trenna     trRrennNA                                                                                                                                                                                    
Curtis     cuUurtiIS                                                                                                                                                                                    
Randall    raAandaAL                                                                                                                                                                                    
Peter      peEeterR                                                                                                                                                                                     
Eleni      elLleniI                                                                                                                                                                                     
Ellen      elLllenN                                                                                                                                                                                     
Jonathon   joOonatTH                                                                                                                                                                                    
Kimerely   kiIimerRE                                                                                                                                                                                    
Jennifer   jeEenniIF                                                                                                                                                                                    
Michael    miIichaAE                                                                                                                                                                                    
Pat        paAat                                                                                                                                                                                        
Shelley    shHhellLE                                                                                                                                                                                    
William    wiIilliIA                                                                                                                                                                                    

20 rows selected.

SQL> SELECT FIRST_NAME , LOWER(SUBSTR(FIRST_NAME,1,2))|| INITCAP(SUBSTR(FIRST_NAME,3,LENGTH(FIRST_NAME)-4)) ||UPPER(SUBSTR(FIRST_NAME,-2)) FROM EMPLOYEES;

FIRST_NAME LOWER(SUBSTR(FIRST_NAME,1,2))||INITCAP(SUBSTR(FI                                                                                                                                             
---------- ------------------------------------------------                                                                                                                                             
Steven     stEvEN                                                                                                                                                                                       
Neena      neENA                                                                                                                                                                                        
Lex        leEX                                                                                                                                                                                         
Alexander  alExandER                                                                                                                                                                                    
Bruce      brUCE                                                                                                                                                                                        
Diana      diANA                                                                                                                                                                                        
Kevin      keVIN                                                                                                                                                                                        
Trenna     trEnNA                                                                                                                                                                                       
Curtis     cuRtIS                                                                                                                                                                                       
Randall    raNdaLL                                                                                                                                                                                      
Peter      peTER                                                                                                                                                                                        
Eleni      elENI                                                                                                                                                                                        
Ellen      elLEN                                                                                                                                                                                        
Jonathon   joNathON                                                                                                                                                                                     
Kimerely   kiMereLY                                                                                                                                                                                     
Jennifer   jeNnifER                                                                                                                                                                                     
Michael    miChaEL                                                                                                                                                                                      
Pat        paAT                                                                                                                                                                                         
Shelley    shEllEY                                                                                                                                                                                      
William    wiLliAM                                                                                                                                                                                      

20 rows selected.

SQL> SELECT FIRST_NAME , LOWER(SUBSTR(FIRST_NAME,1,2))|| INITCAP(SUBSTR(FIRST_NAME,3,LENGTH(FIRST_NAME)-4)) ||UPPER(SUBSTR(FIRST_NAME,-2)) FROM EMPLOYEES
  2  WHERE FIRST_NAME LIKE '______%';

FIRST_NAME LOWER(SUBSTR(FIRST_NAME,1,2))||INITCAP(SUBSTR(FI                                                                                                                                             
---------- ------------------------------------------------                                                                                                                                             
Steven     stEvEN                                                                                                                                                                                       
Alexander  alExandER                                                                                                                                                                                    
Trenna     trEnNA                                                                                                                                                                                       
Curtis     cuRtIS                                                                                                                                                                                       
Randall    raNdaLL                                                                                                                                                                                      
Jonathon   joNathON                                                                                                                                                                                     
Kimerely   kiMereLY                                                                                                                                                                                     
Jennifer   jeNnifER                                                                                                                                                                                     
Michael    miChaEL                                                                                                                                                                                      
Shelley    shEllEY                                                                                                                                                                                      
William    wiLliAM                                                                                                                                                                                      

11 rows selected.

SQL> REM INSTR : TO FIND POSITION OF STRING/WORD WITHIN ANOTHER STRING/WORD
SQL> 
SQL> SELECT INSTR('NEELKAMAL','A') FROM DUAL;

INSTR('NEELKAMAL','A')                                                                                                                                                                                  
----------------------                                                                                                                                                                                  
                     6                                                                                                                                                                                  

SQL> SELECT INSTR('NEELKAMAL','a') FROM DUAL;

INSTR('NEELKAMAL','A')                                                                                                                                                                                  
----------------------                                                                                                                                                                                  
                     0                                                                                                                                                                                  

SQL> SELECT INSTR('NEELKAMAL','KAM') FROM DUAL;

INSTR('NEELKAMAL','KAM')                                                                                                                                                                                
------------------------                                                                                                                                                                                
                       5                                                                                                                                                                                

SQL> SELECT INSTR('NEELKAMAL','MAK') FROM DUAL;

INSTR('NEELKAMAL','MAK')                                                                                                                                                                                
------------------------                                                                                                                                                                                
                       0                                                                                                                                                                                

SQL> SELECT INSTR('NEELKAMAL','L') FROM DUAL;

INSTR('NEELKAMAL','L')                                                                                                                                                                                  
----------------------                                                                                                                                                                                  
                     4                                                                                                                                                                                  

SQL> SELECT INSTR('NEELKAMAL','L',5) FROM DUAL;

INSTR('NEELKAMAL','L',5)                                                                                                                                                                                
------------------------                                                                                                                                                                                
                       9                                                                                                                                                                                

SQL> SELECT INSTR('NEELKAMAL','L',-1) FROM DUAL;

INSTR('NEELKAMAL','L',-1)                                                                                                                                                                               
-------------------------                                                                                                                                                                               
                        9                                                                                                                                                                               

SQL> SELECT INSTR('NEELKAMAL','L',3,2) FROM DUAL;

INSTR('NEELKAMAL','L',3,2)                                                                                                                                                                              
--------------------------                                                                                                                                                                              
                         9                                                                                                                                                                              

SQL> SELECT INSTR('NEELKAMAL','A',3,2) FROM DUAL;

INSTR('NEELKAMAL','A',3,2)                                                                                                                                                                              
--------------------------                                                                                                                                                                              
                         8                                                                                                                                                                              

SQL> SELECT INSTR('NEELKAMAL','A',2,3) FROM DUAL;

INSTR('NEELKAMAL','A',2,3)                                                                                                                                                                              
--------------------------                                                                                                                                                                              
                         0                                                                                                                                                                              

SQL> SELECT INSTR('NEELKAMAL','A',-2,2) FROM DUAL;

INSTR('NEELKAMAL','A',-2,2)                                                                                                                                                                             
---------------------------                                                                                                                                                                             
                          6                                                                                                                                                                             

SQL> SELECT INSTR('NEELKAMAL','E',2,2) FROM DUAL;

INSTR('NEELKAMAL','E',2,2)                                                                                                                                                                              
--------------------------                                                                                                                                                                              
                         3                                                                                                                                                                              

SQL> SELECT INSTR('NEELKAMAL','E',-2,2) FROM DUAL;

INSTR('NEELKAMAL','E',-2,2)                                                                                                                                                                             
---------------------------                                                                                                                                                                             
                          2                                                                                                                                                                             

SQL> SELECT INSTR('NEELKAMAL','EE',3) FROM DUAL;

INSTR('NEELKAMAL','EE',3)                                                                                                                                                                               
-------------------------                                                                                                                                                                               
                        0                                                                                                                                                                               

SQL> SELECT INSTR('NEELKAMAL','EE',-3) FROM DUAL;

INSTR('NEELKAMAL','EE',-3)                                                                                                                                                                              
--------------------------                                                                                                                                                                              
                         2                                                                                                                                                                              

SQL> SELECT FIRST_NAME FROM EMPLOYEES;

FIRST_NAME                                                                                                                                                                                              
----------                                                                                                                                                                                              
Steven                                                                                                                                                                                                  
Neena                                                                                                                                                                                                   
Lex                                                                                                                                                                                                     
Alexander                                                                                                                                                                                               
Bruce                                                                                                                                                                                                   
Diana                                                                                                                                                                                                   
Kevin                                                                                                                                                                                                   
Trenna                                                                                                                                                                                                  
Curtis                                                                                                                                                                                                  
Randall                                                                                                                                                                                                 
Peter                                                                                                                                                                                                   
Eleni                                                                                                                                                                                                   
Ellen                                                                                                                                                                                                   
Jonathon                                                                                                                                                                                                
Kimerely                                                                                                                                                                                                
Jennifer                                                                                                                                                                                                
Michael                                                                                                                                                                                                 
Pat                                                                                                                                                                                                     
Shelley                                                                                                                                                                                                 
William                                                                                                                                                                                                 

20 rows selected.

SQL> REM DISPLAY THOSE FIRST_NAME WHICH CONTAINS TWO 'e'. (DON'T USE LIKE)
SQL> 
SQL> SELECT FIRST_NAME FROM EMPLOYEES WHERE INSTR(FIRST_NAME,'e',1,2) > 0;

FIRST_NAME                                                                                                                                                                                              
----------                                                                                                                                                                                              
Steven                                                                                                                                                                                                  
Neena                                                                                                                                                                                                   
Alexander                                                                                                                                                                                               
Peter                                                                                                                                                                                                   
Kimerely                                                                                                                                                                                                
Jennifer                                                                                                                                                                                                
Shelley                                                                                                                                                                                                 

7 rows selected.

SQL> SELECT FIRST_NAME , INSTR(FIRST_NAME,'e',1,2) FROM EMPLOYEES;

FIRST_NAME INSTR(FIRST_NAME,'E',1,2)                                                                                                                                                                    
---------- -------------------------                                                                                                                                                                    
Steven                             5                                                                                                                                                                    
Neena                              3                                                                                                                                                                    
Lex                                0                                                                                                                                                                    
Alexander                          8                                                                                                                                                                    
Bruce                              0                                                                                                                                                                    
Diana                              0                                                                                                                                                                    
Kevin                              0                                                                                                                                                                    
Trenna                             0                                                                                                                                                                    
Curtis                             0                                                                                                                                                                    
Randall                            0                                                                                                                                                                    
Peter                              4                                                                                                                                                                    
Eleni                              0                                                                                                                                                                    
Ellen                              0                                                                                                                                                                    
Jonathon                           0                                                                                                                                                                    
Kimerely                           6                                                                                                                                                                    
Jennifer                           7                                                                                                                                                                    
Michael                            0                                                                                                                                                                    
Pat                                0                                                                                                                                                                    
Shelley                            6                                                                                                                                                                    
William                            0                                                                                                                                                                    

20 rows selected.

SQL> SELECT FIRST_NAME , INSTR(FIRST_NAME,'e',1,2) FROM EMPLOYEES WHERE INSTR(FIRST_NAME,'e',1,2) > 0;

FIRST_NAME INSTR(FIRST_NAME,'E',1,2)                                                                                                                                                                    
---------- -------------------------                                                                                                                                                                    
Steven                             5                                                                                                                                                                    
Neena                              3                                                                                                                                                                    
Alexander                          8                                                                                                                                                                    
Peter                              4                                                                                                                                                                    
Kimerely                           6                                                                                                                                                                    
Jennifer                           7                                                                                                                                                                    
Shelley                            6                                                                                                                                                                    

7 rows selected.

SQL> SELECT HIRE_DATE FROM EMPLOYEES;

HIRE_DATE                                                                                                                                                                                               
---------                                                                                                                                                                                               
17-JUL-87                                                                                                                                                                                               
21-SEP-89                                                                                                                                                                                               
13-JAN-93                                                                                                                                                                                               
03-JAN-90                                                                                                                                                                                               
21-MAY-91                                                                                                                                                                                               
07-FEB-99                                                                                                                                                                                               
16-NOV-99                                                                                                                                                                                               
17-OCT-95                                                                                                                                                                                               
29-JAN-97                                                                                                                                                                                               
15-MAR-98                                                                                                                                                                                               
09-JUL-98                                                                                                                                                                                               
29-JAN-00                                                                                                                                                                                               
11-MAY-96                                                                                                                                                                                               
24-MAR-98                                                                                                                                                                                               
24-MAY-99                                                                                                                                                                                               
17-SEP-87                                                                                                                                                                                               
17-FEB-96                                                                                                                                                                                               
17-AUG-97                                                                                                                                                                                               
07-JUN-94                                                                                                                                                                                               
07-JUN-94                                                                                                                                                                                               

20 rows selected.

SQL> REM DISPLAY ON MONTH NAMES (DON'T USE TRANSLATE)
SQL> 
SQL> REM DISPLAY ON MONTH NAMES (USING SUBSTR FUNCTION)
SQL> 
SQL> SELECT HIRE_DATE , SUBSTR(HIRE_DATE,4,3) FROM EMPLOYEES;

HIRE_DATE SUBSTR(HIRE_                                                                                                                                                                                  
--------- ------------                                                                                                                                                                                  
17-JUL-87 JUL                                                                                                                                                                                           
21-SEP-89 SEP                                                                                                                                                                                           
13-JAN-93 JAN                                                                                                                                                                                           
03-JAN-90 JAN                                                                                                                                                                                           
21-MAY-91 MAY                                                                                                                                                                                           
07-FEB-99 FEB                                                                                                                                                                                           
16-NOV-99 NOV                                                                                                                                                                                           
17-OCT-95 OCT                                                                                                                                                                                           
29-JAN-97 JAN                                                                                                                                                                                           
15-MAR-98 MAR                                                                                                                                                                                           
09-JUL-98 JUL                                                                                                                                                                                           
29-JAN-00 JAN                                                                                                                                                                                           
11-MAY-96 MAY                                                                                                                                                                                           
24-MAR-98 MAR                                                                                                                                                                                           
24-MAY-99 MAY                                                                                                                                                                                           
17-SEP-87 SEP                                                                                                                                                                                           
17-FEB-96 FEB                                                                                                                                                                                           
17-AUG-97 AUG                                                                                                                                                                                           
07-JUN-94 JUN                                                                                                                                                                                           
07-JUN-94 JUN                                                                                                                                                                                           

20 rows selected.

SQL> SELECT HIRE_DATE , SUBSTR(HIRE_DATE,-6,3) FROM EMPLOYEES;

HIRE_DATE SUBSTR(HIRE_                                                                                                                                                                                  
--------- ------------                                                                                                                                                                                  
17-JUL-87 JUL                                                                                                                                                                                           
21-SEP-89 SEP                                                                                                                                                                                           
13-JAN-93 JAN                                                                                                                                                                                           
03-JAN-90 JAN                                                                                                                                                                                           
21-MAY-91 MAY                                                                                                                                                                                           
07-FEB-99 FEB                                                                                                                                                                                           
16-NOV-99 NOV                                                                                                                                                                                           
17-OCT-95 OCT                                                                                                                                                                                           
29-JAN-97 JAN                                                                                                                                                                                           
15-MAR-98 MAR                                                                                                                                                                                           
09-JUL-98 JUL                                                                                                                                                                                           
29-JAN-00 JAN                                                                                                                                                                                           
11-MAY-96 MAY                                                                                                                                                                                           
24-MAR-98 MAR                                                                                                                                                                                           
24-MAY-99 MAY                                                                                                                                                                                           
17-SEP-87 SEP                                                                                                                                                                                           
17-FEB-96 FEB                                                                                                                                                                                           
17-AUG-97 AUG                                                                                                                                                                                           
07-JUN-94 JUN                                                                                                                                                                                           
07-JUN-94 JUN                                                                                                                                                                                           

20 rows selected.

SQL> SPOOL OFF
