SQL> 
SQL> CL SCR

SQL> REM DISPLAY INFO. ABOUT THE EMPLOYEES WHO GETS HIGHEST SALARY IN COMPANY
SQL> 
SQL> SELECT FIRST_NAME , SALARY FROM EMPLOYEES
  2  WHERE SALARY IN (SELECT MAX(SALARY) FROM EMPLOYEES);

FIRST_NAME     SALARY                                                                                                                                                                                   
---------- ----------                                                                                                                                                                                   
Steven          24000                                                                                                                                                                                   

SQL> REM DISPLAY INFO. ABOUT THE EMPLOYEES WHO GETS EITHER LOWEST OR HIGHEST SALARY IN COMPANY
SQL> 
SQL> SELECT FIRST_NAME , SALARY FROM EMPLOYEES
  2  WHERE SALARY IN (SELECT MAX(SALARY) FROM EMPLOYEES)
  3  OR SALARY IN (SELECT MIN(SALARY) FROM EMPLOYEES);

FIRST_NAME     SALARY                                                                                                                                                                                   
---------- ----------                                                                                                                                                                                   
Steven          24000                                                                                                                                                                                   
Peter            2500                                                                                                                                                                                   

SQL> SELECT FIRST_NAME , SALARY FROM EMPLOYEES
  2  WHERE SALARY IN ((SELECT MAX(SALARY) FROM EMPLOYEES)
  3  ,(SELECT MIN(SALARY) FROM EMPLOYEES));

FIRST_NAME     SALARY                                                                                                                                                                                   
---------- ----------                                                                                                                                                                                   
Steven          24000                                                                                                                                                                                   
Peter            2500                                                                                                                                                                                   

SQL> SELECT FIRST_NAME , SALARY FROM EMPLOYEES
  2  WHERE SALARY =ANY ((SELECT MAX(SALARY) FROM EMPLOYEES)
  3  ,(SELECT MIN(SALARY) FROM EMPLOYEES));

FIRST_NAME     SALARY                                                                                                                                                                                   
---------- ----------                                                                                                                                                                                   
Steven          24000                                                                                                                                                                                   
Peter            2500                                                                                                                                                                                   

SQL> SELECT FIRST_NAME , SALARY FROM EMPLOYEES
  2  WHERE SALARY = SOME ((SELECT MAX(SALARY) FROM EMPLOYEES)
  3  ,(SELECT MIN(SALARY) FROM EMPLOYEES));

FIRST_NAME     SALARY                                                                                                                                                                                   
---------- ----------                                                                                                                                                                                   
Steven          24000                                                                                                                                                                                   
Peter            2500                                                                                                                                                                                   

SQL> REM DISPLAY ALL OTHER THAN THOSE WHO GETS EITHER LOWEST OR HIGHEST SALARY.
SQL> 
SQL> SELECT FIRST_NAME , SALARY
  2  FROM EMPLOYEES
  3  WHERE SALARY NOT IN ((SELECT MIN(SALARY) FROM EMPLOYEES),
  4                       (SELECT MIN(SALARY) FROM EMPLOYEES));

FIRST_NAME     SALARY                                                                                                                                                                                   
---------- ----------                                                                                                                                                                                   
Steven          24000                                                                                                                                                                                   
Neena           17000                                                                                                                                                                                   
Lex             17000                                                                                                                                                                                   
Alexander        9000                                                                                                                                                                                   
Bruce            6000                                                                                                                                                                                   
Diana            4200                                                                                                                                                                                   
Kevin            5800                                                                                                                                                                                   
Trenna           3500                                                                                                                                                                                   
Curtis           3100                                                                                                                                                                                   
Randall          2600                                                                                                                                                                                   
Eleni           10500                                                                                                                                                                                   
Ellen           11000                                                                                                                                                                                   
Jonathon         8600                                                                                                                                                                                   
Kimerely         7000                                                                                                                                                                                   
Jennifer         4400                                                                                                                                                                                   
Michael         13000                                                                                                                                                                                   
Pat              6000                                                                                                                                                                                   
Shelley         12000                                                                                                                                                                                   
William          8300                                                                                                                                                                                   

19 rows selected.

SQL> SELECT FIRST_NAME , SALARY
  2  FROM EMPLOYEES
  3  WHERE SALARY NOT IN ((SELECT MIN(SALARY) FROM EMPLOYEES),
  4                       (SELECT MAX(SALARY) FROM EMPLOYEES));

FIRST_NAME     SALARY                                                                                                                                                                                   
---------- ----------                                                                                                                                                                                   
Neena           17000                                                                                                                                                                                   
Lex             17000                                                                                                                                                                                   
Alexander        9000                                                                                                                                                                                   
Bruce            6000                                                                                                                                                                                   
Diana            4200                                                                                                                                                                                   
Kevin            5800                                                                                                                                                                                   
Trenna           3500                                                                                                                                                                                   
Curtis           3100                                                                                                                                                                                   
Randall          2600                                                                                                                                                                                   
Eleni           10500                                                                                                                                                                                   
Ellen           11000                                                                                                                                                                                   
Jonathon         8600                                                                                                                                                                                   
Kimerely         7000                                                                                                                                                                                   
Jennifer         4400                                                                                                                                                                                   
Michael         13000                                                                                                                                                                                   
Pat              6000                                                                                                                                                                                   
Shelley         12000                                                                                                                                                                                   
William          8300                                                                                                                                                                                   

18 rows selected.

SQL> SELECT FIRST_NAME , SALARY
  2  FROM EMPLOYEES
  3  WHERE SALARY <> ALL ((SELECT MIN(SALARY) FROM EMPLOYEES),
  4                       (SELECT MAX(SALARY) FROM EMPLOYEES));

FIRST_NAME     SALARY                                                                                                                                                                                   
---------- ----------                                                                                                                                                                                   
Neena           17000                                                                                                                                                                                   
Lex             17000                                                                                                                                                                                   
Alexander        9000                                                                                                                                                                                   
Bruce            6000                                                                                                                                                                                   
Diana            4200                                                                                                                                                                                   
Kevin            5800                                                                                                                                                                                   
Trenna           3500                                                                                                                                                                                   
Curtis           3100                                                                                                                                                                                   
Randall          2600                                                                                                                                                                                   
Eleni           10500                                                                                                                                                                                   
Ellen           11000                                                                                                                                                                                   
Jonathon         8600                                                                                                                                                                                   
Kimerely         7000                                                                                                                                                                                   
Jennifer         4400                                                                                                                                                                                   
Michael         13000                                                                                                                                                                                   
Pat              6000                                                                                                                                                                                   
Shelley         12000                                                                                                                                                                                   
William          8300                                                                                                                                                                                   

18 rows selected.

SQL> SELECT FIRST_NAME , SALARY
  2  FROM EMPLOYEES
  3  WHERE SALARY BETWEEN (SELECT MIN(SALARY) FROM EMPLOYEES)
  4                  AND  (SELECT MAX(SALARY) FROM EMPLOYEES);

FIRST_NAME     SALARY                                                                                                                                                                                   
---------- ----------                                                                                                                                                                                   
Steven          24000                                                                                                                                                                                   
Neena           17000                                                                                                                                                                                   
Lex             17000                                                                                                                                                                                   
Alexander        9000                                                                                                                                                                                   
Bruce            6000                                                                                                                                                                                   
Diana            4200                                                                                                                                                                                   
Kevin            5800                                                                                                                                                                                   
Trenna           3500                                                                                                                                                                                   
Curtis           3100                                                                                                                                                                                   
Randall          2600                                                                                                                                                                                   
Peter            2500                                                                                                                                                                                   
Eleni           10500                                                                                                                                                                                   
Ellen           11000                                                                                                                                                                                   
Jonathon         8600                                                                                                                                                                                   
Kimerely         7000                                                                                                                                                                                   
Jennifer         4400                                                                                                                                                                                   
Michael         13000                                                                                                                                                                                   
Pat              6000                                                                                                                                                                                   
Shelley         12000                                                                                                                                                                                   
William          8300                                                                                                                                                                                   

20 rows selected.

SQL> SELECT FIRST_NAME , SALARY
  2  FROM EMPLOYEES
  3  
SQL> FROM EMPLOYEES
SP2-0734: unknown command beginning "FROM EMPLO..." - rest of line ignored.
SQL> 
SQL> SELECT FIRST_NAME , SALARY
  2  FROM EMPLOYEES
  3  WHERE SALARY BETWEEN (SELECT MIN(SALARY)+1 FROM EMPLOYEES)
  4                  AND  (SELECT MAX(SALARY)-1 FROM EMPLOYEES);

FIRST_NAME     SALARY                                                                                                                                                                                   
---------- ----------                                                                                                                                                                                   
Neena           17000                                                                                                                                                                                   
Lex             17000                                                                                                                                                                                   
Alexander        9000                                                                                                                                                                                   
Bruce            6000                                                                                                                                                                                   
Diana            4200                                                                                                                                                                                   
Kevin            5800                                                                                                                                                                                   
Trenna           3500                                                                                                                                                                                   
Curtis           3100                                                                                                                                                                                   
Randall          2600                                                                                                                                                                                   
Eleni           10500                                                                                                                                                                                   
Ellen           11000                                                                                                                                                                                   
Jonathon         8600                                                                                                                                                                                   
Kimerely         7000                                                                                                                                                                                   
Jennifer         4400                                                                                                                                                                                   
Michael         13000                                                                                                                                                                                   
Pat              6000                                                                                                                                                                                   
Shelley         12000                                                                                                                                                                                   
William          8300                                                                                                                                                                                   

18 rows selected.

SQL> SELECT FIRST_NAME , SALARY
  2  FROM EMPLOYEES
  3  WHERE SALARY BETWEEN (SELECT MIN(SALARY) FROM EMPLOYEES) + 1
  4                  AND  (SELECT MAX(SALARY) FROM EMPLOYEES) - 1;

FIRST_NAME     SALARY                                                                                                                                                                                   
---------- ----------                                                                                                                                                                                   
Neena           17000                                                                                                                                                                                   
Lex             17000                                                                                                                                                                                   
Alexander        9000                                                                                                                                                                                   
Bruce            6000                                                                                                                                                                                   
Diana            4200                                                                                                                                                                                   
Kevin            5800                                                                                                                                                                                   
Trenna           3500                                                                                                                                                                                   
Curtis           3100                                                                                                                                                                                   
Randall          2600                                                                                                                                                                                   
Eleni           10500                                                                                                                                                                                   
Ellen           11000                                                                                                                                                                                   
Jonathon         8600                                                                                                                                                                                   
Kimerely         7000                                                                                                                                                                                   
Jennifer         4400                                                                                                                                                                                   
Michael         13000                                                                                                                                                                                   
Pat              6000                                                                                                                                                                                   
Shelley         12000                                                                                                                                                                                   
William          8300                                                                                                                                                                                   

18 rows selected.

SQL> SELECT FIRST_NAME , SALARY
  2  FROM EMPLOYEES
  3  WHERE SALARY > (SELECT MIN(SALARY) FROM EMPLOYEES)
  4  AND   SALARY < (SELECT MAX(SALARY) FROM EMPLOYEES);

FIRST_NAME     SALARY                                                                                                                                                                                   
---------- ----------                                                                                                                                                                                   
Neena           17000                                                                                                                                                                                   
Lex             17000                                                                                                                                                                                   
Alexander        9000                                                                                                                                                                                   
Bruce            6000                                                                                                                                                                                   
Diana            4200                                                                                                                                                                                   
Kevin            5800                                                                                                                                                                                   
Trenna           3500                                                                                                                                                                                   
Curtis           3100                                                                                                                                                                                   
Randall          2600                                                                                                                                                                                   
Eleni           10500                                                                                                                                                                                   
Ellen           11000                                                                                                                                                                                   
Jonathon         8600                                                                                                                                                                                   
Kimerely         7000                                                                                                                                                                                   
Jennifer         4400                                                                                                                                                                                   
Michael         13000                                                                                                                                                                                   
Pat              6000                                                                                                                                                                                   
Shelley         12000                                                                                                                                                                                   
William          8300                                                                                                                                                                                   

18 rows selected.

SQL> SELECT FIRST_NAME , SALARY
  2  FROM EMPLOYEES
  3  WHERE SALARY NOT LIKE (SELECT MIN(SALARY) FROM EMPLOYEES)
  4  AND   SALARY NOT LIKE (SELECT MAX(SALARY) FROM EMPLOYEES);

FIRST_NAME     SALARY                                                                                                                                                                                   
---------- ----------                                                                                                                                                                                   
Neena           17000                                                                                                                                                                                   
Lex             17000                                                                                                                                                                                   
Alexander        9000                                                                                                                                                                                   
Bruce            6000                                                                                                                                                                                   
Diana            4200                                                                                                                                                                                   
Kevin            5800                                                                                                                                                                                   
Trenna           3500                                                                                                                                                                                   
Curtis           3100                                                                                                                                                                                   
Randall          2600                                                                                                                                                                                   
Eleni           10500                                                                                                                                                                                   
Ellen           11000                                                                                                                                                                                   
Jonathon         8600                                                                                                                                                                                   
Kimerely         7000                                                                                                                                                                                   
Jennifer         4400                                                                                                                                                                                   
Michael         13000                                                                                                                                                                                   
Pat              6000                                                                                                                                                                                   
Shelley         12000                                                                                                                                                                                   
William          8300                                                                                                                                                                                   

18 rows selected.

SQL> REM DISPLAY INFO. ABOUT EMPLOYEES WHO GETS HIGHER SALARY THAN AVERAGE SALARY PAID TO DEPARTMENT 80
SQL> SELECT * FROM EMPLOYEES;

EMPLOYEE_ID FIRST_NAME LAST_NAME  EMAIL      PHONE_NUMBER         HIRE_DATE JOB_ID         SALARY COMMISSION_PCT MANAGER_ID DEPARTMENT_ID                                                               
----------- ---------- ---------- ---------- -------------------- --------- ---------- ---------- -------------- ---------- -------------                                                               
        100 Steven     King       SKING      515.123.4567         17-JUL-87 AD_PRES         24000                                      90                                                               
        101 Neena      Kochhar    NKOCHHAR   515.123.4568         21-SEP-89 AD_VP           17000                       100            90                                                               
        102 Lex        De Haan    LDEHAAN    515.123.4569         13-JAN-93 AD_VP           17000                       100            90                                                               
        103 Alexander  Hunold     AHUNOLD    590.423.4567         03-JAN-90 IT_PROG          9000                       102            60                                                               
        104 Bruce      Ernst      BERNST     590.423.4568         21-MAY-91 IT_PROG          6000                       103            60                                                               
        107 Diana      Lorentz    DLORENTZ   590.423.5567         07-FEB-99 IT_PROG          4200                       103            60                                                               
        124 Kevin      Mourgos    KMOURGOS   650.123.5234         16-NOV-99 ST_MAN           5800                       100            50                                                               
        141 Trenna     Rajs                  650.121.8009         17-OCT-95 ST_CLERK         3500                       124            50                                                               
        142 Curtis     Davies     CDAVIES    650.121.2994         29-JAN-97 ST_CLERK         3100                       124            50                                                               
        143 Randall    Matos      RMATOS     650.121.2874         15-MAR-98 ST_CLERK         2600                       124            50                                                               
        144 Peter      Vargas     PVARGAS    650.121.2004         09-JUL-98 ST_CLERK         2500                       124            50                                                               
        149 Eleni      Zlotkey    EZLOTKEY   011.44.1344.429018   29-JAN-00 SA_MAN          10500             .2        100            80                                                               
        174 Ellen      Abel       EABEL      011.44.1644.429267   11-MAY-96 SA_REP          11000             .3        149            80                                                               
        176 Jonathon   Taylor     JTAYLOR    011.44.1644.429265   24-MAR-98 SA_REP           8600             .3        149            80                                                               
        178 Kimerely   Grant      KGRANT     011.44.1644.429263   24-MAY-99 SA_REP           7000            .15        149                                                                             
        200 Jennifer   Whalen     JWHALEN    515.123.4444         17-SEP-87 AD_ASST          4400                       101            10                                                               
        201 Michael    Hartstein  MHARTSTE   515.123.5555         17-FEB-96 MK_MAN          13000                       100            20                                                               
        202 Pat        Fay        PFAY       603.123.6666         17-AUG-97 MK_REP           6000                       201            20                                                               
        205 Shelley    Higgins    SHIGGINS   515.123.8080         07-JUN-94 AC_MGR          12000                       101           110                                                               
        206 William    Gietz      WGIETZ     515.123.8181         07-JUN-94 AC_ACCOUNT       8300                       205           110                                                               

20 rows selected.

SQL> SELECT FIRST_NAME , SALARY , DEPARTMENT_ID
  2  FROM EMPLOYEES
  3  WHERE SALARY > (SELECT AVG(SALARY) FROM EMPLOYEES WHERE DEPARTMENT_ID = 80);

FIRST_NAME     SALARY DEPARTMENT_ID                                                                                                                                                                     
---------- ---------- -------------                                                                                                                                                                     
Steven          24000            90                                                                                                                                                                     
Neena           17000            90                                                                                                                                                                     
Lex             17000            90                                                                                                                                                                     
Eleni           10500            80                                                                                                                                                                     
Ellen           11000            80                                                                                                                                                                     
Michael         13000            20                                                                                                                                                                     
Shelley         12000           110                                                                                                                                                                     

7 rows selected.

SQL> REM DISPLAY THOSE WHO GETS LOWER SALARY THAN AVERAGE SALARY PAID WHO WERE HIRED IN YEAR 99.
SQL> 
SQL> SELECT FIRST_NAME , SALARY , HIRE_DATE
  2  FROM EMPLOYEES
  3  WHERE SALARY < (SELECT AVG(SALARY) FROM EMPLOYEES WHERE HIRE_DATE LIKE '%99');

FIRST_NAME     SALARY HIRE_DATE                                                                                                                                                                         
---------- ---------- ---------                                                                                                                                                                         
Diana            4200 07-FEB-99                                                                                                                                                                         
Trenna           3500 17-OCT-95                                                                                                                                                                         
Curtis           3100 29-JAN-97                                                                                                                                                                         
Randall          2600 15-MAR-98                                                                                                                                                                         
Peter            2500 09-JUL-98                                                                                                                                                                         
Jennifer         4400 17-SEP-87                                                                                                                                                                         

6 rows selected.

SQL> SELECT FIRST_NAME , SALARY , HIRE_DATE
  2  FROM EMPLOYEES
  3  WHERE SALARY < (SELECT AVG(SALARY) FROM EMPLOYEES WHERE HIRE_DATE BETWEEN '01-JAN-99' AND '31-DEC-99');

FIRST_NAME     SALARY HIRE_DATE                                                                                                                                                                         
---------- ---------- ---------                                                                                                                                                                         
Diana            4200 07-FEB-99                                                                                                                                                                         
Trenna           3500 17-OCT-95                                                                                                                                                                         
Curtis           3100 29-JAN-97                                                                                                                                                                         
Randall          2600 15-MAR-98                                                                                                                                                                         
Peter            2500 09-JUL-98                                                                                                                                                                         
Jennifer         4400 17-SEP-87                                                                                                                                                                         

6 rows selected.

SQL> SELECT FIRST_NAME , SALARY , HIRE_DATE
  2  FROM EMPLOYEES
  3  WHERE SALARY < (SELECT AVG(SALARY) FROM EMPLOYEES WHERE HIRE_DATE >= '01-JAN-99' AND HIRE_DATE <= '31-DEC-99');

FIRST_NAME     SALARY HIRE_DATE                                                                                                                                                                         
---------- ---------- ---------                                                                                                                                                                         
Diana            4200 07-FEB-99                                                                                                                                                                         
Trenna           3500 17-OCT-95                                                                                                                                                                         
Curtis           3100 29-JAN-97                                                                                                                                                                         
Randall          2600 15-MAR-98                                                                                                                                                                         
Peter            2500 09-JUL-98                                                                                                                                                                         
Jennifer         4400 17-SEP-87                                                                                                                                                                         

6 rows selected.

SQL> SELECT FIRST_NAME , SALARY , HIRE_DATE
  2  FROM EMPLOYEES
  3  WHERE SALARY < (SELECT AVG(SALARY) FROM EMPLOYEES WHERE TO_CHAR(HIRE_DATE,'RR') = 99);

FIRST_NAME     SALARY HIRE_DATE                                                                                                                                                                         
---------- ---------- ---------                                                                                                                                                                         
Diana            4200 07-FEB-99                                                                                                                                                                         
Trenna           3500 17-OCT-95                                                                                                                                                                         
Curtis           3100 29-JAN-97                                                                                                                                                                         
Randall          2600 15-MAR-98                                                                                                                                                                         
Peter            2500 09-JUL-98                                                                                                                                                                         
Jennifer         4400 17-SEP-87                                                                                                                                                                         

6 rows selected.

SQL> SELECT FIRST_NAME , SALARY , HIRE_DATE
  2  FROM EMPLOYEES
  3  WHERE SALARY < (SELECT AVG(SALARY) FROM EMPLOYEES WHERE TO_CHAR(HIRE_DATE,'RRRR') = 1999);

FIRST_NAME     SALARY HIRE_DATE                                                                                                                                                                         
---------- ---------- ---------                                                                                                                                                                         
Diana            4200 07-FEB-99                                                                                                                                                                         
Trenna           3500 17-OCT-95                                                                                                                                                                         
Curtis           3100 29-JAN-97                                                                                                                                                                         
Randall          2600 15-MAR-98                                                                                                                                                                         
Peter            2500 09-JUL-98                                                                                                                                                                         
Jennifer         4400 17-SEP-87                                                                                                                                                                         

6 rows selected.

SQL> SELECT FIRST_NAME , SALARY , HIRE_DATE
  2  FROM EMPLOYEES
  3  WHERE SALARY < (SELECT AVG(SALARY) FROM EMPLOYEES WHERE SUBSTR(HIRE_DATE,-2) = 99);

FIRST_NAME     SALARY HIRE_DATE                                                                                                                                                                         
---------- ---------- ---------                                                                                                                                                                         
Diana            4200 07-FEB-99                                                                                                                                                                         
Trenna           3500 17-OCT-95                                                                                                                                                                         
Curtis           3100 29-JAN-97                                                                                                                                                                         
Randall          2600 15-MAR-98                                                                                                                                                                         
Peter            2500 09-JUL-98                                                                                                                                                                         
Jennifer         4400 17-SEP-87                                                                                                                                                                         

6 rows selected.

SQL> SELECT FIRST_NAME , SALARY , HIRE_DATE
  2  FROM EMPLOYEES
  3  WHERE SALARY < (SELECT AVG(SALARY) FROM EMPLOYEES WHERE INSTR(HIRE_DATE,'99') = 8);

FIRST_NAME     SALARY HIRE_DATE                                                                                                                                                                         
---------- ---------- ---------                                                                                                                                                                         
Diana            4200 07-FEB-99                                                                                                                                                                         
Trenna           3500 17-OCT-95                                                                                                                                                                         
Curtis           3100 29-JAN-97                                                                                                                                                                         
Randall          2600 15-MAR-98                                                                                                                                                                         
Peter            2500 09-JUL-98                                                                                                                                                                         
Jennifer         4400 17-SEP-87                                                                                                                                                                         

6 rows selected.

SQL> SELECT FIRST_NAME , SALARY , HIRE_DATE
  2  FROM EMPLOYEES
  3  WHERE SALARY < (SELECT AVG(SALARY) FROM EMPLOYEES WHERE LENGTH(HIRE_DATE) > LENGTH(REPLACE(HIRE_DATE,'99')));

FIRST_NAME     SALARY HIRE_DATE                                                                                                                                                                         
---------- ---------- ---------                                                                                                                                                                         
Diana            4200 07-FEB-99                                                                                                                                                                         
Trenna           3500 17-OCT-95                                                                                                                                                                         
Curtis           3100 29-JAN-97                                                                                                                                                                         
Randall          2600 15-MAR-98                                                                                                                                                                         
Peter            2500 09-JUL-98                                                                                                                                                                         
Jennifer         4400 17-SEP-87                                                                                                                                                                         

6 rows selected.

SQL> SELECT * FROM EMPLOYEES;

EMPLOYEE_ID FIRST_NAME LAST_NAME  EMAIL      PHONE_NUMBER         HIRE_DATE JOB_ID         SALARY COMMISSION_PCT MANAGER_ID DEPARTMENT_ID                                                               
----------- ---------- ---------- ---------- -------------------- --------- ---------- ---------- -------------- ---------- -------------                                                               
        100 Steven     King       SKING      515.123.4567         17-JUL-87 AD_PRES         24000                                      90                                                               
        101 Neena      Kochhar    NKOCHHAR   515.123.4568         21-SEP-89 AD_VP           17000                       100            90                                                               
        102 Lex        De Haan    LDEHAAN    515.123.4569         13-JAN-93 AD_VP           17000                       100            90                                                               
        103 Alexander  Hunold     AHUNOLD    590.423.4567         03-JAN-90 IT_PROG          9000                       102            60                                                               
        104 Bruce      Ernst      BERNST     590.423.4568         21-MAY-91 IT_PROG          6000                       103            60                                                               
        107 Diana      Lorentz    DLORENTZ   590.423.5567         07-FEB-99 IT_PROG          4200                       103            60                                                               
        124 Kevin      Mourgos    KMOURGOS   650.123.5234         16-NOV-99 ST_MAN           5800                       100            50                                                               
        141 Trenna     Rajs                  650.121.8009         17-OCT-95 ST_CLERK         3500                       124            50                                                               
        142 Curtis     Davies     CDAVIES    650.121.2994         29-JAN-97 ST_CLERK         3100                       124            50                                                               
        143 Randall    Matos      RMATOS     650.121.2874         15-MAR-98 ST_CLERK         2600                       124            50                                                               
        144 Peter      Vargas     PVARGAS    650.121.2004         09-JUL-98 ST_CLERK         2500                       124            50                                                               
        149 Eleni      Zlotkey    EZLOTKEY   011.44.1344.429018   29-JAN-00 SA_MAN          10500             .2        100            80                                                               
        174 Ellen      Abel       EABEL      011.44.1644.429267   11-MAY-96 SA_REP          11000             .3        149            80                                                               
        176 Jonathon   Taylor     JTAYLOR    011.44.1644.429265   24-MAR-98 SA_REP           8600             .3        149            80                                                               
        178 Kimerely   Grant      KGRANT     011.44.1644.429263   24-MAY-99 SA_REP           7000            .15        149                                                                             
        200 Jennifer   Whalen     JWHALEN    515.123.4444         17-SEP-87 AD_ASST          4400                       101            10                                                               
        201 Michael    Hartstein  MHARTSTE   515.123.5555         17-FEB-96 MK_MAN          13000                       100            20                                                               
        202 Pat        Fay        PFAY       603.123.6666         17-AUG-97 MK_REP           6000                       201            20                                                               
        205 Shelley    Higgins    SHIGGINS   515.123.8080         07-JUN-94 AC_MGR          12000                       101           110                                                               
        206 William    Gietz      WGIETZ     515.123.8181         07-JUN-94 AC_ACCOUNT       8300                       205           110                                                               

20 rows selected.

SQL> REM DISPLAY INFO. ABOUT EMPLOYEES OF DEPARTMENT 110 WHO GETS HIGHER SALARY THAN AVERAGE SALARY PAID BY COMPANY.
SQL> 
SQL> SELECT FIRST_NAME , SALARY , DEPRATMENT_ID
  2  FROM EMPLOYEES
  3  WHERE DEPARTMENT_ID = 110 AND SALARY > (SELECT AVG(SALARY) FROM EMPLOYEES);
SELECT FIRST_NAME , SALARY , DEPRATMENT_ID
                             *
ERROR at line 1:
ORA-00904: "DEPRATMENT_ID": invalid identifier 


SQL> SELECT FIRST_NAME , SALARY , DEPARTMENT_ID
  2  FROM EMPLOYEES
  3  WHERE DEPARTMENT_ID = 110 AND SALARY > (SELECT AVG(SALARY) FROM EMPLOYEES);

FIRST_NAME     SALARY DEPARTMENT_ID                                                                                                                                                                     
---------- ---------- -------------                                                                                                                                                                     
Shelley         12000           110                                                                                                                                                                     

SQL> SELECT * FROM EMPLOYEES;

EMPLOYEE_ID FIRST_NAME LAST_NAME  EMAIL      PHONE_NUMBER         HIRE_DATE JOB_ID         SALARY COMMISSION_PCT MANAGER_ID DEPARTMENT_ID                                                               
----------- ---------- ---------- ---------- -------------------- --------- ---------- ---------- -------------- ---------- -------------                                                               
        100 Steven     King       SKING      515.123.4567         17-JUL-87 AD_PRES         24000                                      90                                                               
        101 Neena      Kochhar    NKOCHHAR   515.123.4568         21-SEP-89 AD_VP           17000                       100            90                                                               
        102 Lex        De Haan    LDEHAAN    515.123.4569         13-JAN-93 AD_VP           17000                       100            90                                                               
        103 Alexander  Hunold     AHUNOLD    590.423.4567         03-JAN-90 IT_PROG          9000                       102            60                                                               
        104 Bruce      Ernst      BERNST     590.423.4568         21-MAY-91 IT_PROG          6000                       103            60                                                               
        107 Diana      Lorentz    DLORENTZ   590.423.5567         07-FEB-99 IT_PROG          4200                       103            60                                                               
        124 Kevin      Mourgos    KMOURGOS   650.123.5234         16-NOV-99 ST_MAN           5800                       100            50                                                               
        141 Trenna     Rajs                  650.121.8009         17-OCT-95 ST_CLERK         3500                       124            50                                                               
        142 Curtis     Davies     CDAVIES    650.121.2994         29-JAN-97 ST_CLERK         3100                       124            50                                                               
        143 Randall    Matos      RMATOS     650.121.2874         15-MAR-98 ST_CLERK         2600                       124            50                                                               
        144 Peter      Vargas     PVARGAS    650.121.2004         09-JUL-98 ST_CLERK         2500                       124            50                                                               
        149 Eleni      Zlotkey    EZLOTKEY   011.44.1344.429018   29-JAN-00 SA_MAN          10500             .2        100            80                                                               
        174 Ellen      Abel       EABEL      011.44.1644.429267   11-MAY-96 SA_REP          11000             .3        149            80                                                               
        176 Jonathon   Taylor     JTAYLOR    011.44.1644.429265   24-MAR-98 SA_REP           8600             .3        149            80                                                               
        178 Kimerely   Grant      KGRANT     011.44.1644.429263   24-MAY-99 SA_REP           7000            .15        149                                                                             
        200 Jennifer   Whalen     JWHALEN    515.123.4444         17-SEP-87 AD_ASST          4400                       101            10                                                               
        201 Michael    Hartstein  MHARTSTE   515.123.5555         17-FEB-96 MK_MAN          13000                       100            20                                                               
        202 Pat        Fay        PFAY       603.123.6666         17-AUG-97 MK_REP           6000                       201            20                                                               
        205 Shelley    Higgins    SHIGGINS   515.123.8080         07-JUN-94 AC_MGR          12000                       101           110                                                               
        206 William    Gietz      WGIETZ     515.123.8181         07-JUN-94 AC_ACCOUNT       8300                       205           110                                                               

20 rows selected.

SQL> REM DISPLAY IT_PROG WHO GETS HIGHER SALARY THAN AVERAGE SALARY PAID BY COMPANY.
SQL> 
SQL> REM DISPLAY INFO. ABOUT IT_PROG WHO GETS HIGHER SALARY THAN AVERAGE SALARY PAID BY COMPANY.
SQL> 
SQL> SELECT FIRST_NAME , SALARY , JOB_ID
  2  FROM EMPLOYEES
  3  WHERE JOB_ID = 'IT_PROG' AND SALARY > (SELECT AVG(SALARY) FROM EMPLOYEES);

FIRST_NAME     SALARY JOB_ID                                                                                                                                                                            
---------- ---------- ----------                                                                                                                                                                        
Alexander        9000 IT_PROG                                                                                                                                                                           

SQL> REM DISPLAY THOSE WHO REPORTS TO MANAGER 100 AND GET SALARY HIGHER THAN AVERAGE SALARY PAID TO IT_PROG.
SQL> 
SQL> SELECT * FROM EMPLOYEES;

EMPLOYEE_ID FIRST_NAME LAST_NAME  EMAIL      PHONE_NUMBER         HIRE_DATE JOB_ID         SALARY COMMISSION_PCT MANAGER_ID DEPARTMENT_ID                                                               
----------- ---------- ---------- ---------- -------------------- --------- ---------- ---------- -------------- ---------- -------------                                                               
        100 Steven     King       SKING      515.123.4567         17-JUL-87 AD_PRES         24000                                      90                                                               
        101 Neena      Kochhar    NKOCHHAR   515.123.4568         21-SEP-89 AD_VP           17000                       100            90                                                               
        102 Lex        De Haan    LDEHAAN    515.123.4569         13-JAN-93 AD_VP           17000                       100            90                                                               
        103 Alexander  Hunold     AHUNOLD    590.423.4567         03-JAN-90 IT_PROG          9000                       102            60                                                               
        104 Bruce      Ernst      BERNST     590.423.4568         21-MAY-91 IT_PROG          6000                       103            60                                                               
        107 Diana      Lorentz    DLORENTZ   590.423.5567         07-FEB-99 IT_PROG          4200                       103            60                                                               
        124 Kevin      Mourgos    KMOURGOS   650.123.5234         16-NOV-99 ST_MAN           5800                       100            50                                                               
        141 Trenna     Rajs                  650.121.8009         17-OCT-95 ST_CLERK         3500                       124            50                                                               
        142 Curtis     Davies     CDAVIES    650.121.2994         29-JAN-97 ST_CLERK         3100                       124            50                                                               
        143 Randall    Matos      RMATOS     650.121.2874         15-MAR-98 ST_CLERK         2600                       124            50                                                               
        144 Peter      Vargas     PVARGAS    650.121.2004         09-JUL-98 ST_CLERK         2500                       124            50                                                               
        149 Eleni      Zlotkey    EZLOTKEY   011.44.1344.429018   29-JAN-00 SA_MAN          10500             .2        100            80                                                               
        174 Ellen      Abel       EABEL      011.44.1644.429267   11-MAY-96 SA_REP          11000             .3        149            80                                                               
        176 Jonathon   Taylor     JTAYLOR    011.44.1644.429265   24-MAR-98 SA_REP           8600             .3        149            80                                                               
        178 Kimerely   Grant      KGRANT     011.44.1644.429263   24-MAY-99 SA_REP           7000            .15        149                                                                             
        200 Jennifer   Whalen     JWHALEN    515.123.4444         17-SEP-87 AD_ASST          4400                       101            10                                                               
        201 Michael    Hartstein  MHARTSTE   515.123.5555         17-FEB-96 MK_MAN          13000                       100            20                                                               
        202 Pat        Fay        PFAY       603.123.6666         17-AUG-97 MK_REP           6000                       201            20                                                               
        205 Shelley    Higgins    SHIGGINS   515.123.8080         07-JUN-94 AC_MGR          12000                       101           110                                                               
        206 William    Gietz      WGIETZ     515.123.8181         07-JUN-94 AC_ACCOUNT       8300                       205           110                                                               

20 rows selected.

SQL> SELECT FIRST_NAME , SALARY , MANAGER_ID , JOB_ID
  2  FROM EMPLOYEES
  3  WHERE MANAGER_ID = 100 AND SALARY > (SELECT AVG(SALARY) FROM EMPLOYEES WHERE JOB_ID = 'IT_PROG');

FIRST_NAME     SALARY MANAGER_ID JOB_ID                                                                                                                                                                 
---------- ---------- ---------- ----------                                                                                                                                                             
Neena           17000        100 AD_VP                                                                                                                                                                  
Lex             17000        100 AD_VP                                                                                                                                                                  
Eleni           10500        100 SA_MAN                                                                                                                                                                 
Michael         13000        100 MK_MAN                                                                                                                                                                 

SQL> SPOOL OFF
